-- MySQL dump 10.10
--
-- Host: localhost    Database: test
-- ------------------------------------------------------
-- Server version	5.0.16-nt

/*!40101 SET @OLD_CHARACTER_SET_CLIENT=@@CHARACTER_SET_CLIENT */;
/*!40101 SET @OLD_CHARACTER_SET_RESULTS=@@CHARACTER_SET_RESULTS */;
/*!40101 SET @OLD_COLLATION_CONNECTION=@@COLLATION_CONNECTION */;
/*!40101 SET NAMES utf8 */;
/*!40103 SET @OLD_TIME_ZONE=@@TIME_ZONE */;
/*!40103 SET TIME_ZONE='+00:00' */;
/*!40014 SET @OLD_UNIQUE_CHECKS=@@UNIQUE_CHECKS, UNIQUE_CHECKS=0 */;
/*!40014 SET @OLD_FOREIGN_KEY_CHECKS=@@FOREIGN_KEY_CHECKS, FOREIGN_KEY_CHECKS=0 */;
/*!40101 SET @OLD_SQL_MODE=@@SQL_MODE, SQL_MODE='NO_AUTO_VALUE_ON_ZERO' */;
/*!40111 SET @OLD_SQL_NOTES=@@SQL_NOTES, SQL_NOTES=0 */;

--
-- Table structure for table `fundrep_funds`
--

DROP TABLE IF EXISTS `fundrep_funds`;
CREATE TABLE `fundrep_funds` (
  `id` varchar(20) NOT NULL,
  `fundName` varchar(100) NOT NULL,
  `launchDate` datetime default NULL,
  PRIMARY KEY  (`id`)
) ENGINE=InnoDB DEFAULT CHARSET=latin1;

--
-- Dumping data for table `fundrep_funds`
--


/*!40000 ALTER TABLE `fundrep_funds` DISABLE KEYS */;
LOCK TABLES `fundrep_funds` WRITE;
INSERT INTO `fundrep_funds` VALUES ('HF001','Hyperfund Cash & Property Fund Acc',NULL),('HF002','Hyperfund Global Opportunities Fund',NULL),('HF003','Hyperfund Corporate Bond Fund',NULL),('HF004','Hyperfund Managed Assets Fund I',NULL),('HF005','Hyperfund China Growth Portfolio Acc',NULL),('HF006','Hyperfund Balanced Portfolio Acc',NULL),('HF007','Hyperfund Asia Pacific Portfolio Acc',NULL),('HF008','Hyperfund UK Special Situations Fund',NULL),('HF009','Hyperfund Financial Opportunities Fund',NULL),('HF010','Hyperfund European Frontiers Fund R',NULL),('HF011','Hyperfund UK Growth Fund',NULL),('HF012','Hyperfund High Income Fund',NULL),('HF013','Hyperfund Transatlantic Fund R',NULL),('HF014','Hyperfund European Special Situations Fund',NULL),('HF015','Hyperfund UK Smaller Companies Fund',NULL),('HF016','Hyperfund UK Mid 250 Fund R',NULL),('HF017','Hyperfund Far Eastern Fund',NULL),('HF018','Hyperfund European Fund',NULL),('HF019','Hyperfund Ethic Fund Acc',NULL),('HF020','Hyperfund Monthly Income Acc',NULL),('HF021','Hyperfund Global Technology',NULL),('HF022','Hyperfund Target Return Fund AM',NULL),('HF023','Hyperfund Adventurous Growth Portfolio Acc',NULL),('HF024','Hyperfund Emerging European Opportunities',NULL);
UNLOCK TABLES;
/*!40000 ALTER TABLE `fundrep_funds` ENABLE KEYS */;

--
-- Table structure for table `fundrep_holdingbreakdowns`
--

DROP TABLE IF EXISTS `fundrep_holdingbreakdowns`;
CREATE TABLE `fundrep_holdingbreakdowns` (
  `id` mediumint(9) unsigned NOT NULL auto_increment,
  `fund_id` varchar(20) NOT NULL,
  `label` varchar(50) NOT NULL,
  `amount` decimal(4,2) NOT NULL,
  `indexAmount` decimal(4,2) NOT NULL,
  PRIMARY KEY  (`id`)
) ENGINE=InnoDB DEFAULT CHARSET=latin1;

--
-- Dumping data for table `fundrep_holdingbreakdowns`
--


/*!40000 ALTER TABLE `fundrep_holdingbreakdowns` DISABLE KEYS */;
LOCK TABLES `fundrep_holdingbreakdowns` WRITE;
INSERT INTO `fundrep_holdingbreakdowns` VALUES (1,'HF001','BP','9.30','0.00'),(2,'HF001','HSBC Holdings','6.10','0.00'),(3,'HF001','Vodafone','5.84','0.00'),(4,'HF001','Royal Bank of Scotland','3.86','0.00'),(5,'HF001','Barclays','3.53','0.00'),(6,'HF001','Shell Transport & Trading','3.37','0.00'),(7,'HF001','Aviva','3.10','0.00'),(8,'HF001','British American Tobacco','2.93','0.00'),(9,'HF001','International Power','2.66','0.00'),(10,'HF001','Gallaher','2.60','0.00'),(11,'HF001','Financials','28.72','0.00'),(12,'HF001','Resources','23.22','0.00'),(13,'HF001','Cyclical Services','15.80','0.00'),(14,'HF001','Non-Cyclical Services','8.81','0.00'),(15,'HF001','Non-Cyclical Consumer Goods ','7.45','0.00'),(16,'HF001','Utilities','4.73','0.00'),(17,'HF001','Information Technology','4.28','0.00'),(18,'HF001','Basic Industries','3.14','0.00'),(19,'HF001','Cash','2.20','0.00'),(20,'HF001','General Industrials','1.65','0.00'),(21,'HF002','United Kingdom','21.17','0.00'),(22,'HF002','North America','11.30','0.00'),(23,'HF002','Japan','11.47','0.00'),(24,'HF002','Far East excluding Japan','11.16','0.00'),(25,'HF002','Europe','31.54','0.00'),(26,'HF002','Eastern Europe','13.36','0.00'),(27,'HF003','UK Treasury 5% 07/09/14','5.22','0.00'),(28,'HF003','UK Treasury 5.75% 07/12/09','2.68','0.00'),(29,'HF003','UK Treasury 5% 07/03/08','2.57','0.00'),(30,'HF003','UK Treasury 5% 07/03/12','2.28','0.00'),(31,'HF003','British Telecommunications 7.75% 07/12/16','2.02','0.00'),(32,'HF003','Aggregate Industries 7.25% 31/05/16','1.95','0.00'),(33,'HF003','Autostrade 6.25% 09/06/22','1.86','0.00'),(34,'HF003','Friends Provident Frn Perpetual','1.85','0.00'),(35,'HF003','Hutchison Ports Finance 6.75% 07/12/15','1.83','0.00'),(36,'HF003','Slough Estates 6.25% 30/09/15','1.77','0.00'),(37,'HF003','United Kingdom','71.01','0.00'),(38,'HF003','Switzerland','2.40','0.00'),(39,'HF003','North America','1.17','0.00'),(40,'HF003','New Zealand','0.87','0.00'),(41,'HF003','Italy','1.87','0.00'),(42,'HF003','Ireland','1.43','0.00'),(43,'HF003','Germany','4.17','0.00'),(44,'HF003','France','2.27','0.00'),(45,'HF003','Finland','1.14','0.00'),(46,'HF003','Denmark','1.35','0.00'),(47,'HF003','Cash','7.99','0.00'),(48,'HF003','Canada','2.98','0.00'),(49,'HF003','Australia','1.35','0.00'),(50,'HF004','Vodafone','4.35','0.00'),(51,'HF004','BP','3.40','0.00'),(52,'HF004','GlaxoSmithKline','2.54','0.00'),(53,'HF004','Royal Bank of Scotland','2.28','0.00'),(54,'HF004','HSBC Holdings','2.18','0.00'),(55,'HF004','BT','2.13','0.00'),(56,'HF004','Lloyds TSB','2.13','0.00'),(57,'HF004','Shell Transport & Trading','1.81','0.00'),(58,'HF004','Prudential','1.78','0.00'),(59,'HF004','Xstrata','1.56','0.00'),(60,'HF004','Financials','27.27','0.00'),(61,'HF004','Cyclical Services','19.62','0.00'),(62,'HF004','Cash','18.50','0.00'),(63,'HF004','Non-Cyclical Services','8.63','0.00'),(64,'HF004','Resources','6.77','0.00'),(65,'HF004','Basic Industries','4.64','0.00'),(66,'HF004','Non-Cyclical Consumer Goods','4.54','0.00'),(67,'HF004','General Industrials','3.60','0.00'),(68,'HF004','Information Technology','3.50','0.00'),(69,'HF004','Utilities','1.52','0.00'),(70,'HF004','Fixed Income','0.92','0.00'),(71,'HF004','Cyclical Consumer Goods','0.49','0.00'),(72,'HF007','Procter & Gamble','4.24','0.00'),(73,'HF007','General Electric','3.65','0.00'),(74,'HF007','Ingersoll Rand Company ','3.58','0.00'),(75,'HF007','Tyco International','3.31','0.00'),(76,'HF007','Pfizer','3.23','0.00'),(77,'HF007','Raytheon','2.98','0.00'),(78,'HF007','Honeywell International','2.93','0.00'),(79,'HF007','Nextel Communications','2.72','0.00'),(80,'HF007','Pitney Bowes','2.58','0.00'),(81,'HF007','American Express','2.43','0.00'),(82,'HF007','General Industrials','22.47','0.00'),(83,'HF007','Non-Cyclical Consumer Goods','21.48','0.00'),(84,'HF007','Financials','21.08','0.00'),(85,'HF007','Information Technology','8.46','0.00'),(86,'HF007','Cyclical Services','8.36','0.00'),(87,'HF007','Resources','8.23','0.00'),(88,'HF007','Non-Cyclical Services','7.08','0.00'),(89,'HF007','Cyclical Consumer Goods','1.55','0.00'),(90,'HF007','Basic Industries','1.02','0.00'),(91,'HF007','Utilities','0.27','0.00'),(92,'HF007','Cash','0.00','0.00'),(93,'HF008','Shell Transport & Trading','4.00','0.00'),(94,'HF008','O2','3.27','0.00'),(95,'HF008','BP','3.16','0.00'),(96,'HF008','Barclays','2.92','0.00'),(97,'HF008','Xstrata','2.59','0.00'),(98,'HF008','British Land','2.58','0.00'),(99,'HF008','HBOS','2.43','0.00'),(100,'HF008','AstraZeneca','2.32','0.00'),(101,'HF008','Genus','2.30','0.00'),(102,'HF008','Tesco','2.16','0.00'),(103,'HF008','Financials','24.44','0.00'),(104,'HF008','Cyclical Services','21.64','0.00'),(105,'HF008','Resources','15.25','0.00'),(106,'HF008','Non-Cyclical Consumer Goods','10.93','0.00'),(107,'HF008','Information Technology','9.01','0.00'),(108,'HF008','Non-Cyclical Services','6.43','0.00'),(109,'HF008','Basic Industries','4.63','0.00'),(110,'HF008','Utilities','3.56','0.00'),(111,'HF008','General Industrials','2.96','0.00'),(112,'HF008','Cash','1.15','0.00'),(113,'HF009','Prudential','7.89','0.00'),(114,'HF009','Erste Bank der Oester Spark','6.55','0.00'),(115,'HF009','BK Austria Creditanstalt','6.26','0.00'),(116,'HF009','British Land','4.79','0.00'),(117,'HF009','Templeton Emerging Markets','4.33','0.00'),(118,'HF009','Goldman Sachs Group','4.24','0.00'),(119,'HF009','DNB Holdings','4.10','0.00'),(120,'HF009','UBS ','4.09','0.00'),(121,'HF009','Skandinaviska Enskilda','3.63','0.00'),(122,'HF009','Old Mutual','3.24','0.00'),(123,'HF009','United Kingdom','39.00','0.00'),(124,'HF009','North America','4.24','0.00'),(125,'HF009','Japan','3.81','0.00'),(126,'HF009','Far East (excluding Japan)','1.91','0.00'),(127,'HF009','Europe','47.86','0.00'),(128,'HF009','Eastern Europe','2.08','0.00'),(129,'HF009','Cash','1.10','0.00'),(130,'HF010','BP','9.34','0.00'),(131,'HF010','Shell Transport & Trading','3.79','0.00'),(132,'HF010','Liberty International','2.64','0.00'),(133,'HF010','Persimmon','2.62','0.00'),(134,'HF010','Royal Bank of Scotland','2.62','0.00'),(135,'HF010','Land Securities','2.46','0.00'),(136,'HF010','BT ','2.37','0.00'),(137,'HF010','Standard Chartered','1.93','0.00'),(138,'HF010','Bovis Homes','1.89','0.00'),(139,'HF010','HSBC Holdings','1.84','0.00'),(140,'HF010','Financials','31.23','0.00'),(141,'HF010','Resources','16.14','0.00'),(142,'HF010','Cyclical Services','14.95','0.00'),(143,'HF010','Utilities','10.16','0.00'),(144,'HF010','Basic Industries','8.74','0.00'),(145,'HF010','Non-Cyclical Consumer Goods','7.35','0.00'),(146,'HF010','Non-Cyclical Services','4.58','0.00'),(147,'HF010','Cash','4.31','0.00'),(148,'HF010','Cyclical Consumer Goods','1.30','0.00'),(149,'HF010','General Industrials','1.16','0.00'),(150,'HF010','Information Technology','0.08','0.00'),(151,'HF011','Xstrata','6.65','0.00'),(152,'HF011','Corus','4.72','0.00'),(153,'HF011','Charter','4.67','0.00'),(154,'HF011','Old Mutual','3.85','0.00'),(155,'HF011','Royal & Sun Alliance','3.82','0.00'),(156,'HF011','Shell Transport & Trading','3.36','0.00'),(157,'HF011','BG','3.17','0.00'),(158,'HF011','O2','3.12','0.00'),(159,'HF011','HSBC Holdings','2.99','0.00'),(160,'HF011','Hanson','2.86','0.00'),(161,'HF011','Financials','32.60','0.00'),(162,'HF011','Cyclical Services','21.19','0.00'),(163,'HF011','Resources','14.82','0.00'),(164,'HF011','Basic Industries','9.08','0.00'),(165,'HF011','Non-Cyclical Services','5.90','0.00'),(166,'HF011','General Industrials','5.31','0.00'),(167,'HF011','Non-Cyclical Consumer Goods','4.89','0.00'),(168,'HF011','Cyclical Consumer Goods','2.40','0.00'),(169,'HF011','Information Technology','2.39','0.00'),(170,'HF011','Cash','1.42','0.00'),(171,'HF012','BP','6.76','0.00'),(172,'HF012','UK Treasury Loan 8.5% 16/07/07','5.09','0.00'),(173,'HF012','UK Treasury 4% 07/03/09','4.43','0.00'),(174,'HF012','Shell Transport & Trading','3.95','0.00'),(175,'HF012','Lloyds TSB','3.11','0.00'),(176,'HF012','ICAP','2.44','0.00'),(177,'HF012','UK Treasury 5% 07/03/12','2.43','0.00'),(178,'HF012','Hammerson','2.30','0.00'),(179,'HF012','Reed Elsevier','2.22','0.00'),(180,'HF012','Gallaher','1.94','0.00'),(181,'HF012','Financials','28.54','0.00'),(182,'HF012','Fixed Income','20.19','0.00'),(183,'HF012','Resources','15.12','0.00'),(184,'HF012','Cyclical Services','8.90','0.00'),(185,'HF012','Utilities','8.06','0.00'),(186,'HF012','Basic Industries','6.62','0.00'),(187,'HF012','Non-Cyclical Consumer Goods','3.64','0.00'),(188,'HF012','General Industrials','2.67','0.00'),(189,'HF012','Non-Cyclical Services','2.06','0.00'),(190,'HF012','Cash','1.85','0.00'),(191,'HF012','Cyclical Consumer Goods','1.34','0.00'),(192,'HF012','Information Technology','1.01','0.00'),(193,'HF013','3i Group','6.01','0.00'),(194,'HF013','Gartmore Irish Growth','5.80','0.00'),(195,'HF013','SVM UK Active','5.27','0.00'),(196,'HF013','Templeton Emerging Markets','5.25','0.00'),(197,'HF013','British Empire Securities','4.56','0.00'),(198,'HF013','Hansa Trust','4.33','0.00'),(199,'HF013','Montanaro UK Smaller Companies','3.57','0.00'),(200,'HF013','Renaissance U.S. Growth & Income','3.30','0.00'),(201,'HF013','F&C Smaller Companies','3.25','0.00'),(202,'HF013','European Asset Trust','3.18','0.00'),(203,'HF013','United Kingdom','48.68','0.00'),(204,'HF013','Others','6.59','0.00'),(205,'HF013','North America','11.10','0.00'),(206,'HF013','Japan','5.87','0.00'),(207,'HF013','Far East (excluding Japan)','7.65','0.00'),(208,'HF013','Europe','19.80','0.00'),(209,'HF013','Cash','0.31','0.00'),(210,'HF014','Anglo Irish Bank','3.59','0.00'),(211,'HF014','UBS','3.04','0.00'),(212,'HF014','Autostrade','3.03','0.00'),(213,'HF014','Neopost','3.03','0.00'),(214,'HF014','OPAP','2.88','0.00'),(215,'HF014','ENI','2.82','0.00'),(216,'HF014','Novozymes','2.66','0.00'),(217,'HF014','Marzotto','2.59','0.00'),(218,'HF014','ING Groep','2.54','0.00'),(219,'HF014','Société Générale','2.54','0.00'),(220,'HF014','Switzerland','9.45','0.00'),(221,'HF014','Sweden','5.26','0.00'),(222,'HF014','Spain','3.35','0.00'),(223,'HF014','Norway','2.24','0.00'),(224,'HF014','Netherlands','11.96','0.00'),(225,'HF014','Italy','14.25','0.00'),(226,'HF014','Ireland','12.19','0.00'),(227,'HF014','Greece','2.88','0.00'),(228,'HF014','Germany','3.07','0.00'),(229,'HF014','France','18.97','0.00'),(230,'HF014','Finland','3.13','0.00'),(231,'HF014','Denmark','3.71','0.00'),(232,'HF014','Cash','6.50','0.00'),(233,'HF014','Belgium','3.04','0.00'),(234,'HF015','Systems Union','3.84','0.00'),(235,'HF015','Numis','3.55','0.00'),(236,'HF015','Interior Services','3.35','0.00'),(237,'HF015','Lambert Howarth Group','3.23','0.00'),(238,'HF015','Northern Recruitment','3.16','0.00'),(239,'HF015','Fisher (J) & Sons','2.98','0.00'),(240,'HF015','Genus','2.92','0.00'),(241,'HF015','SportingBet','2.29','0.00'),(242,'HF015','Iomart Group','2.01','0.00'),(243,'HF015','Dicom Group','1.84','0.00'),(244,'HF015','Cyclical Services','34.59','0.00'),(245,'HF015','Information Technology','19.34','0.00'),(246,'HF015','Financials','11.00','0.00'),(247,'HF015','General Industrials','8.81','0.00'),(248,'HF015','Resources','8.18','0.00'),(249,'HF015','Cash','4.79','0.00'),(250,'HF015','Cyclical Consumer Goods','4.69','0.00'),(251,'HF015','Non-Cyclical Consumer Goods','3.82','0.00'),(252,'HF015','Basic Industries','3.79','0.00'),(253,'HF015','Non-Cyclical Services','0.99','0.00'),(254,'HF016','Cranswick','6.02','0.00'),(255,'HF016','Whatman','3.38','0.00'),(256,'HF016','Techem','2.84','0.00'),(257,'HF016','RPS Group','2.79','0.00'),(258,'HF016','O2','2.75','0.00'),(259,'HF016','Latchways','2.70','0.00'),(260,'HF016','Shanks','2.65','0.00'),(261,'HF016','Go-Ahead Group','2.59','0.00'),(262,'HF016','National Express','2.29','0.00'),(263,'HF016','Aviva','1.86','0.00'),(264,'HF016','United Kingdom','54.86','0.00'),(265,'HF016','Pacific','1.45','0.00'),(266,'HF016','North America','22.07','0.00'),(267,'HF016','Europe ','15.77','0.00'),(268,'HF016','Cash','5.85','0.00'),(269,'HF016','Cyclical Services','29.62','0.00'),(270,'HF016','Non-Cyclical Consumer Goods','20.66','0.00'),(271,'HF016','General Industrials','14.17','0.00'),(272,'HF016','Basic Industries','8.59','0.00'),(273,'HF016','Non-Cyclical Services','5.85','0.00'),(274,'HF016','Cash','5.85','0.00'),(275,'HF016','Information Technology','5.37','0.00'),(276,'HF016','Financials','4.45','0.00'),(277,'HF016','Utilities','2.38','0.00'),(278,'HF016','Resources','2.27','0.00'),(279,'HF016','Cyclical Consumer Goods','0.79','0.00'),(280,'HF017','Samsung Electronics','3.86','0.00'),(281,'HF017','Mitsubishi Tokyo Financial','3.38','0.00'),(282,'HF017','Cheung Kong Holdings','2.78','0.00'),(283,'HF017','Taiwan Semiconductor Manufacturing','2.52','0.00'),(284,'HF017','NTT Docomo','2.43','0.00'),(285,'HF017','Swire Pacific','2.43','0.00'),(286,'HF017','TDK','2.38','0.00'),(287,'HF017','Mitsui Sumitomo Insurance','2.22','0.00'),(288,'HF017','GS Holdings','2.20','0.00'),(289,'HF017','Sharp','2.08','0.00'),(290,'HF017','Vietnam','0.81','0.00'),(291,'HF017','Thailand','5.15','0.00'),(292,'HF017','Taiwan','9.56','0.00'),(293,'HF017','Singapore','6.92','0.00'),(294,'HF017','Phillippines','0.38','0.00'),(295,'HF017','North America','1.03','0.00'),(296,'HF017','Malaysia','9.42','0.00'),(297,'HF017','Korea','11.41','0.00'),(298,'HF017','Japan','32.98','0.00'),(299,'HF017','Hong Kong','18.25','0.00'),(300,'HF017','Cash','1.90','0.00'),(301,'HF017','Australia','2.19','0.00'),(302,'HF018','Neopost','9.47','0.00'),(303,'HF018','Numico','8.45','0.00'),(304,'HF018','Novozymes','7.48','0.00'),(305,'HF018','Syngenta','6.28','0.00'),(306,'HF018','Techem','5.35','0.00'),(307,'HF018','Celesio','4.87','0.00'),(308,'HF018','Air Liquide','4.82','0.00'),(309,'HF018','DNB Holdings','4.78','0.00'),(310,'HF018','Elsevier','4.77','0.00'),(311,'HF018','Essilor International','4.60','0.00'),(312,'HF018','United Kingdom','0.13','0.00'),(313,'HF018','Switzerland','9.98','0.00'),(314,'HF018','Spain','1.28','0.00'),(315,'HF018','Norway','4.78','0.00'),(316,'HF018','Netherlands','18.47','0.00'),(317,'HF018','Italy','0.50','0.00'),(318,'HF018','Ireland','0.02','0.00'),(319,'HF018','Germany','12.41','0.00'),(320,'HF018','France','33.57','0.00'),(321,'HF018','Finland','0.17','0.00'),(322,'HF018','Denmark','16.04','0.00'),(323,'HF018','Cash','1.52','0.00'),(324,'HF018','Austria','1.13','0.00'),(325,'HF019','Vodafone','6.11','0.00'),(326,'HF019','O2','5.01','0.00'),(327,'HF019','Cranswick','4.94','0.00'),(328,'HF019','Whatman','2.96','0.00'),(329,'HF019','National Express','2.78','0.00'),(330,'HF019','Shanks','2.75','0.00'),(331,'HF019','Go-Ahead Group','2.61','0.00'),(332,'HF019','RPS Group','2.56','0.00'),(333,'HF019','International Power','2.28','0.00'),(334,'HF019','BT','2.12','0.00'),(335,'HF019','Cyclical Services','26.18','0.00'),(336,'HF019','Financials','17.98','0.00'),(337,'HF019','Non-Cyclical Consumer Goods','14.76','0.00'),(338,'HF019','Non-Cyclical Services','14.56','0.00'),(339,'HF019','Cash','10.08','0.00'),(340,'HF019','Basic Industries','6.63','0.00'),(341,'HF019','General Industrials','4.04','0.00'),(342,'HF019','Information Technology','3.49','0.00'),(343,'HF019','Utilities','2.28','0.00'),(344,'HF020','Edinburgh High Income','6.18','0.00'),(345,'HF020','Investors Cap Trust','5.35','0.00'),(346,'HF020','European Asset Trust','5.19','0.00'),(347,'HF020','Ecofin Water & Power Opportunities','4.17','0.00'),(348,'HF020','Exeter Financials Ordinary Shares','3.99','0.00'),(349,'HF020','Martin Currie Enhanced','3.72','0.00'),(350,'HF020','Real Estate Opportunities (Conventional Shares)','3.36','0.00'),(351,'HF020','City of Oxford Geared Income (Income Shares)','3.26','0.00'),(352,'HF020','Henderson High Income','3.17','0.00'),(353,'HF020','City Merchants High Yield ','2.96','0.00'),(354,'HF020','United Kingdom Fixed Interest','12.17','0.00'),(355,'HF020','United Kingdom','67.20','0.00'),(356,'HF020','Others','6.79','0.00'),(357,'HF020','North America Fixed Interest','1.17','0.00'),(358,'HF020','North America','6.78','0.00'),(359,'HF020','Japan','0.02','0.00'),(360,'HF020','Europe  Fixed Interest','1.83','0.00'),(361,'HF020','Europe','2.06','0.00'),(362,'HF020','Cash','1.98','0.00'),(363,'HF021','Mobile Telesystems','2.77','0.00'),(364,'HF021','Stanelco','2.39','0.00'),(365,'HF021','Check Point Software','2.37','0.00'),(366,'HF021','Dimension Data','2.34','0.00'),(367,'HF021','Dell Computer Corporation','2.31','0.00'),(368,'HF021','Microsoft','2.28','0.00'),(369,'HF021','Misys','2.27','0.00'),(370,'HF021','SAP','2.26','0.00'),(371,'HF021','Cisco Systems','2.16','0.00'),(372,'HF021','Innovation Group','2.02','0.00'),(373,'HF021','United Kingdom','25.52','0.00'),(374,'HF021','North America','42.30','0.00'),(375,'HF021','Japan','3.62','0.00'),(376,'HF021','Far East excluding Japan','15.83','0.00'),(377,'HF021','Europe','8.00','0.00'),(378,'HF021','Emerging Europe','4.73','0.00'),(379,'HF021','Cash','0.00','0.00'),(380,'HF022','UK Treasury Conv 9% 12/07/11','3.07','0.00'),(381,'HF022','BP','2.97','0.00'),(382,'HF022','World Bank 7.125% 30/07/07','2.35','0.00'),(383,'HF022','European Investment Bank 6.25% 07/12/08','1.89','0.00'),(384,'HF022','UK Treasury 8% 27/09/13','1.74','0.00'),(385,'HF022','UK Treasury 5% 07/09/14','1.46','0.00'),(386,'HF022','Royal Bank of Scotland','1.45','0.00'),(387,'HF022','UK Treasury 5% 07/03/12','1.35','0.00'),(388,'HF022','HBOS 6.08% 12/05/15','1.22','0.00'),(389,'HF022','Hutchison Ports Finance 6.75% 07/12/15','1.22','0.00'),(390,'HF022','Fixed Income','64.33','0.00'),(391,'HF022','Financials ','9.67','0.00'),(392,'HF022','Utilities','5.03','0.00'),(393,'HF022','Resources','4.90','0.00'),(394,'HF022','Cyclical Services','4.24','0.00'),(395,'HF022','Cash','3.32','0.00'),(396,'HF022','Basic Industries','2.68','0.00'),(397,'HF022','Non-Cyclical Consumer Goods','2.47','0.00'),(398,'HF022','General Industrials','1.64','0.00'),(399,'HF022','Non-Cyclical Services','0.99','0.00'),(400,'HF022','Cyclical Consumer Goods','0.63','0.00'),(401,'HF022','Information Technology','0.10','0.00'),(402,'HF024','BK Austria Creditanstalt','0.00','0.00'),(403,'HF024','Erste Bank der Oester Spark','0.00','0.00'),(404,'HF024','Gazprom','0.00','0.00'),(405,'HF024','LUKOIL','0.00','0.00'),(406,'HF024','Mobile Telesystems','0.00','0.00'),(407,'HF024','OTP Bank','0.00','0.00'),(408,'HF024','Polski Koncern','0.00','0.00'),(409,'HF024','Sberbank','0.00','0.00'),(410,'HF024','Surgutneftegaz','0.00','0.00'),(411,'HF024','VimpelCom','0.00','0.00'),(412,'HF024','Russia','44.80','0.00'),(413,'HF024','Poland','14.06','0.00'),(414,'HF024','Hungary','18.22','0.00'),(415,'HF024','Czech Republic','7.16','0.00'),(416,'HF024','Cash','7.00','0.00'),(417,'HF024','Austria','8.76','0.00'),(418,'HF024','Russia','44.80','0.00'),(419,'HF024','Hungary','18.22','0.00'),(420,'HF024','Poland','14.06','0.00'),(421,'HF024','Austria','8.76','0.00'),(422,'HF024','Czech Republic','7.16','0.00'),(423,'HF024','Cash','7.00','0.00');
UNLOCK TABLES;
/*!40000 ALTER TABLE `fundrep_holdingbreakdowns` ENABLE KEYS */;

--
-- Table structure for table `fundrep_maturitybreakdowns`
--

DROP TABLE IF EXISTS `fundrep_maturitybreakdowns`;
CREATE TABLE `fundrep_maturitybreakdowns` (
  `id` mediumint(9) unsigned NOT NULL auto_increment,
  `fund_id` varchar(20) NOT NULL,
  `label` varchar(50) NOT NULL,
  `amount` decimal(4,2) NOT NULL,
  `indexAmount` decimal(4,2) NOT NULL,
  PRIMARY KEY  (`id`)
) ENGINE=InnoDB DEFAULT CHARSET=latin1;

--
-- Dumping data for table `fundrep_maturitybreakdowns`
--


/*!40000 ALTER TABLE `fundrep_maturitybreakdowns` DISABLE KEYS */;
LOCK TABLES `fundrep_maturitybreakdowns` WRITE;
UNLOCK TABLES;
/*!40000 ALTER TABLE `fundrep_maturitybreakdowns` ENABLE KEYS */;

--
-- Table structure for table `fundrep_monthlytimeseriess`
--

DROP TABLE IF EXISTS `fundrep_monthlytimeseriess`;
CREATE TABLE `fundrep_monthlytimeseriess` (
  `id` mediumint(9) unsigned NOT NULL auto_increment,
  `fund_id` varchar(20) NOT NULL,
  `monthEnd` date NOT NULL,
  `fundValue` decimal(8,2) NOT NULL,
  `indexValue` decimal(8,2) NOT NULL,
  PRIMARY KEY  (`id`)
) ENGINE=InnoDB DEFAULT CHARSET=latin1;

--
-- Dumping data for table `fundrep_monthlytimeseriess`
--


/*!40000 ALTER TABLE `fundrep_monthlytimeseriess` DISABLE KEYS */;
LOCK TABLES `fundrep_monthlytimeseriess` WRITE;
INSERT INTO `fundrep_monthlytimeseriess` VALUES (1,'HF001','2000-06-01','100.00','100.00'),(2,'HF001','2000-07-03','99.78','101.06'),(3,'HF001','2000-08-01','101.21','102.22'),(4,'HF001','2000-09-01','107.21','107.55'),(5,'HF001','2000-10-02','99.81','102.74'),(6,'HF001','2000-11-01','101.83','103.88'),(7,'HF001','2000-12-01','96.06','98.70'),(8,'HF001','2001-01-01','97.79','100.73'),(9,'HF001','2001-02-01','97.52','102.67'),(10,'HF001','2001-03-01','95.32','97.95'),(11,'HF001','2001-04-02','89.86','91.72'),(12,'HF001','2001-05-01','95.30','97.05'),(13,'HF001','2001-06-01','94.61','96.20'),(14,'HF001','2001-07-02','91.95','92.82'),(15,'HF001','2001-08-01','88.05','89.62'),(16,'HF001','2001-09-03','88.12','88.80'),(17,'HF001','2001-10-01','75.92','78.20'),(18,'HF001','2001-11-01','79.06','82.02'),(19,'HF001','2001-12-03','81.49','85.84'),(20,'HF001','2002-01-01','83.06','86.78'),(21,'HF001','2002-02-01','82.47','85.28'),(22,'HF001','2002-03-01','83.14','84.68'),(23,'HF001','2002-04-01','86.85','88.01'),(24,'HF001','2002-05-01','88.99','86.93'),(25,'HF001','2002-06-03','88.41','85.87'),(26,'HF001','2002-07-01','81.43','78.33'),(27,'HF001','2002-08-01','72.75','71.57'),(28,'HF001','2002-09-02','73.10','71.89'),(29,'HF001','2002-10-01','67.00','64.78'),(30,'HF001','2002-11-01','70.25','67.87'),(31,'HF001','2002-12-02','71.99','70.11'),(32,'HF001','2003-01-01','67.27','66.52'),(33,'HF001','2003-02-03','61.40','61.02'),(34,'HF001','2003-03-03','63.00','61.43'),(35,'HF001','2003-04-01','62.51','62.29'),(36,'HF001','2003-05-01','67.83','67.42'),(37,'HF001','2003-06-02','72.24','71.11'),(38,'HF001','2003-07-01','72.42','72.17'),(39,'HF001','2003-08-01','75.15','74.37'),(40,'HF001','2003-09-01','77.06','76.64'),(41,'HF001','2003-10-01','75.51','75.83'),(42,'HF001','2003-11-03','77.75','78.41'),(43,'HF001','2003-12-01','77.70','79.23'),(44,'HF001','2004-01-01','79.73','81.20'),(45,'HF001','2004-02-02','81.44','82.13'),(46,'HF001','2004-03-01','83.20','84.85'),(47,'HF001','2004-04-01','81.19','83.45'),(48,'HF001','2004-05-03','80.64','84.60'),(49,'HF001','2004-06-01','77.53','82.64'),(50,'HF001','2004-07-01','78.86','84.46'),(51,'HF001','2004-08-02','77.31','82.12'),(52,'HF001','2004-09-01','77.45','83.33'),(53,'HF001','2004-10-01','79.51','85.81'),(54,'HF001','2004-11-01','80.11','86.71'),(55,'HF001','2004-12-01','83.34','89.12'),(56,'HF001','2005-01-03','84.97','91.61'),(57,'HF001','2005-02-01','87.57','93.58'),(58,'HF001','2005-03-01','91.21','96.12'),(59,'HF001','2005-04-01','90.28','94.79'),(60,'HF001','2005-05-02','86.15','91.70'),(61,'HF001','2005-06-01','85.99','94.93'),(62,'HF002','2000-06-01','100.00','100.00'),(63,'HF002','2000-07-03','104.23','102.74'),(64,'HF002','2000-08-01','101.84','101.82'),(65,'HF002','2000-09-01','108.31','107.81'),(66,'HF002','2000-10-02','100.50','102.57'),(67,'HF002','2000-11-01','92.61','99.52'),(68,'HF002','2000-12-01','88.91','96.89'),(69,'HF002','2001-01-01','87.50','95.37'),(70,'HF002','2001-02-01','89.93','98.62'),(71,'HF002','2001-03-01','83.07','92.30'),(72,'HF002','2001-04-02','74.81','85.39'),(73,'HF002','2001-05-01','79.19','91.03'),(74,'HF002','2001-06-01','77.81','90.94'),(75,'HF002','2001-07-02','75.78','88.20'),(76,'HF002','2001-08-01','72.78','84.23'),(77,'HF002','2001-09-03','71.00','80.28'),(78,'HF002','2001-10-01','62.69','70.59'),(79,'HF002','2001-11-01','65.32','74.15'),(80,'HF002','2001-12-03','67.67','79.24'),(81,'HF002','2002-01-01','66.29','79.00'),(82,'HF002','2002-02-01','65.25','77.73'),(83,'HF002','2002-03-01','66.37','77.07'),(84,'HF002','2002-04-01','68.68','80.10'),(85,'HF002','2002-05-01','66.46','76.95'),(86,'HF002','2002-06-03','67.21','77.04'),(87,'HF002','2002-07-01','61.81','69.70'),(88,'HF002','2002-08-01','55.48','62.72'),(89,'HF002','2002-09-02','55.69','63.21'),(90,'HF002','2002-10-01','50.92','56.67'),(91,'HF002','2002-11-01','52.45','59.35'),(92,'HF002','2002-12-02','55.33','62.17'),(93,'HF002','2003-01-01','52.31','57.54'),(94,'HF002','2003-02-03','49.88','54.15'),(95,'HF002','2003-03-03','51.29','54.67'),(96,'HF002','2003-04-01','50.57','55.39'),(97,'HF002','2003-05-01','54.00','58.77'),(98,'HF002','2003-06-02','57.18','60.52'),(99,'HF002','2003-07-01','58.49','62.10'),(100,'HF002','2003-08-01','60.59','64.70'),(101,'HF002','2003-09-01','64.37','67.57'),(102,'HF002','2003-10-01','63.36','65.81'),(103,'HF002','2003-11-03','66.11','68.10'),(104,'HF002','2003-12-01','66.54','68.08'),(105,'HF002','2004-01-01','67.68','69.52'),(106,'HF002','2004-02-02','68.41','70.18'),(107,'HF002','2004-03-01','69.47','70.23'),(108,'HF002','2004-04-01','70.44','70.52'),(109,'HF002','2004-05-03','70.17','71.39'),(110,'HF002','2004-06-01','68.52','68.93'),(111,'HF002','2004-07-01','70.86','70.97'),(112,'HF002','2004-08-02','68.11','68.41'),(113,'HF002','2004-09-01','69.56','69.39'),(114,'HF002','2004-10-01','72.55','70.99'),(115,'HF002','2004-11-01','73.80','71.61'),(116,'HF002','2004-12-01','76.07','73.48'),(117,'HF002','2005-01-03','78.39','75.27'),(118,'HF002','2005-02-01','80.77','75.62'),(119,'HF002','2005-03-01','84.95','77.52'),(120,'HF002','2005-04-01','82.95','76.82'),(121,'HF002','2005-05-02','78.89','73.71'),(122,'HF002','2005-06-01','82.10','78.50'),(123,'HF003','2000-06-01','100.00','100.00'),(124,'HF003','2000-07-03','100.50','100.25'),(125,'HF003','2000-08-01','101.13','100.77'),(126,'HF003','2000-09-01','101.15','100.64'),(127,'HF003','2000-10-02','102.32','101.68'),(128,'HF003','2000-11-01','103.13','102.83'),(129,'HF003','2000-12-01','105.17','105.12'),(130,'HF003','2001-01-01','104.36','105.63'),(131,'HF003','2001-02-01','105.54','106.35'),(132,'HF003','2001-03-01','105.65','106.39'),(133,'HF003','2001-04-02','106.70','107.09'),(134,'HF003','2001-05-01','106.54','106.22'),(135,'HF003','2001-06-01','106.68','105.84'),(136,'HF003','2001-07-02','106.49','105.85'),(137,'HF003','2001-08-01','108.06','108.11'),(138,'HF003','2001-09-03','110.09','109.90'),(139,'HF003','2001-10-01','109.01','108.36'),(140,'HF003','2001-11-01','111.11','111.45'),(141,'HF003','2001-12-03','111.45','111.84'),(142,'HF003','2002-01-01','109.41','109.87'),(143,'HF003','2002-02-01','112.04','111.92'),(144,'HF003','2002-03-01','112.02','111.43'),(145,'HF003','2002-04-01','111.24','110.35'),(146,'HF003','2002-05-01','112.93','111.42'),(147,'HF003','2002-06-03','112.93','111.08'),(148,'HF003','2002-07-01','114.02','112.11'),(149,'HF003','2002-08-01','114.37','111.56'),(150,'HF003','2002-09-02','116.92','115.42'),(151,'HF003','2002-10-01','117.85','115.77'),(152,'HF003','2002-11-01','117.46','114.14'),(153,'HF003','2002-12-02','117.56','114.23'),(154,'HF003','2003-01-01','119.89','116.82'),(155,'HF003','2003-02-03','120.37','117.91'),(156,'HF003','2003-03-03','121.15','118.42'),(157,'HF003','2003-04-01','120.41','117.92'),(158,'HF003','2003-05-01','121.34','118.85'),(159,'HF003','2003-06-02','124.30','122.26'),(160,'HF003','2003-07-01','124.28','121.71'),(161,'HF003','2003-08-01','123.61','121.16'),(162,'HF003','2003-09-01','123.09','120.42'),(163,'HF003','2003-10-01','123.82','121.39'),(164,'HF003','2003-11-03','121.75','119.23'),(165,'HF003','2003-12-01','121.85','119.46'),(166,'HF003','2004-01-01','123.81','122.24'),(167,'HF003','2004-02-02','122.50','121.40'),(168,'HF003','2004-03-01','123.99','122.31'),(169,'HF003','2004-04-01','123.99','122.66'),(170,'HF003','2004-05-03','122.85','121.26'),(171,'HF003','2004-06-01','121.76','120.18'),(172,'HF003','2004-07-01','122.27','120.49'),(173,'HF003','2004-08-02','122.43','120.77'),(174,'HF003','2004-09-01','124.58','122.92'),(175,'HF003','2004-10-01','126.28','124.53'),(176,'HF003','2004-11-01','127.60','125.64'),(177,'HF003','2004-12-01','129.54','127.58'),(178,'HF003','2005-01-03','130.17','128.33'),(179,'HF003','2005-02-01','130.67','128.86'),(180,'HF003','2005-03-01','130.64','129.00'),(181,'HF003','2005-04-01','130.25','128.24'),(182,'HF003','2005-05-02','130.83','129.22'),(183,'HF003','2005-06-01','132.75','131.08'),(184,'HF004','2000-05-15','100.00','100.00'),(185,'HF004','2000-06-01','104.98','100.67'),(186,'HF004','2000-07-03','111.50','101.73'),(187,'HF004','2000-08-01','115.22','102.90'),(188,'HF004','2000-09-01','119.32','108.27'),(189,'HF004','2000-10-02','113.99','103.43'),(190,'HF004','2000-11-01','111.94','104.58'),(191,'HF004','2000-12-01','111.29','99.36'),(192,'HF004','2001-01-01','116.66','101.40'),(193,'HF004','2001-02-01','126.80','103.36'),(194,'HF004','2001-03-01','123.47','98.61'),(195,'HF004','2001-04-02','116.83','92.33'),(196,'HF004','2001-05-01','123.91','97.70'),(197,'HF004','2001-06-01','128.40','96.85'),(198,'HF004','2001-07-02','125.06','93.44'),(199,'HF004','2001-08-01','119.97','90.22'),(200,'HF004','2001-09-03','121.67','89.39'),(201,'HF004','2001-10-01','100.23','78.72'),(202,'HF004','2001-11-01','105.88','82.57'),(203,'HF004','2001-12-03','113.51','86.41'),(204,'HF004','2002-01-01','119.84','87.36'),(205,'HF004','2002-02-01','119.95','85.85'),(206,'HF004','2002-03-01','120.41','85.24'),(207,'HF004','2002-04-01','126.69','88.60'),(208,'HF004','2002-05-01','131.31','87.51'),(209,'HF004','2002-06-03','132.29','86.44'),(210,'HF004','2002-07-01','122.67','78.85'),(211,'HF004','2002-08-01','115.69','72.05'),(212,'HF004','2002-09-02','116.56','72.37'),(213,'HF004','2002-10-01','105.30','65.21'),(214,'HF004','2002-11-01','109.37','68.32'),(215,'HF004','2002-12-02','114.00','70.58'),(216,'HF004','2003-01-01','109.57','66.97'),(217,'HF004','2003-02-03','103.14','61.43'),(218,'HF004','2003-03-03','102.80','61.84'),(219,'HF004','2003-04-01','102.46','62.71'),(220,'HF004','2003-05-01','112.72','67.87'),(221,'HF004','2003-06-02','120.04','71.59'),(222,'HF004','2003-07-01','123.13','72.65'),(223,'HF004','2003-08-01','127.43','74.87'),(224,'HF004','2003-09-01','132.91','77.15'),(225,'HF004','2003-10-01','131.49','76.34'),(226,'HF004','2003-11-03','136.12','78.93'),(227,'HF004','2003-12-01','134.41','79.76'),(228,'HF004','2004-01-01','137.59','81.74'),(229,'HF004','2004-02-02','140.55','82.68'),(230,'HF004','2004-03-01','145.09','85.42'),(231,'HF004','2004-04-01','142.62','84.01'),(232,'HF004','2004-05-03','144.53','85.17'),(233,'HF004','2004-06-01','142.23','83.19'),(234,'HF004','2004-07-01','145.59','85.03'),(235,'HF004','2004-08-02','141.96','82.67'),(236,'HF004','2004-09-01','142.49','83.89'),(237,'HF004','2004-10-01','147.45','86.38'),(238,'HF004','2004-11-01','149.06','87.29'),(239,'HF004','2004-12-01','154.14','89.71'),(240,'HF004','2005-01-03','159.97','92.22'),(241,'HF004','2005-02-01','163.83','94.21'),(242,'HF004','2005-03-01','166.92','96.76'),(243,'HF004','2005-04-01','165.47','95.43'),(244,'HF004','2005-05-02','160.09','92.31'),(245,'HF004','2005-06-01','164.31','95.57'),(246,'HF007','2000-06-01','100.00','100.00'),(247,'HF007','2000-07-03','101.10','102.21'),(248,'HF007','2000-08-01','99.47','101.77'),(249,'HF007','2000-09-01','108.71','112.09'),(250,'HF007','2000-10-02','99.24','107.65'),(251,'HF007','2000-11-01','93.62','102.70'),(252,'HF007','2000-12-01','90.98','98.91'),(253,'HF007','2001-01-01','88.24','94.99'),(254,'HF007','2001-02-01','95.38','99.64'),(255,'HF007','2001-03-01','85.71','91.50'),(256,'HF007','2001-04-02','76.49','84.06'),(257,'HF007','2001-05-01','85.87','91.78'),(258,'HF007','2001-06-01','85.76','92.45'),(259,'HF007','2001-07-02','84.43','91.31'),(260,'HF007','2001-08-01','80.35','87.60'),(261,'HF007','2001-09-03','72.33','80.12'),(262,'HF007','2001-10-01','60.54','71.03'),(263,'HF007','2001-11-01','65.64','75.00'),(264,'HF007','2001-12-03','72.81','82.17'),(265,'HF007','2002-01-01','71.70','82.49'),(266,'HF007','2002-02-01','68.10','80.85'),(267,'HF007','2002-03-01','67.66','80.10'),(268,'HF007','2002-04-01','69.86','82.36'),(269,'HF007','2002-05-01','62.27','75.48'),(270,'HF007','2002-06-03','61.84','74.92'),(271,'HF007','2002-07-01','52.63','66.38'),(272,'HF007','2002-08-01','46.34','59.46'),(273,'HF007','2002-09-02','46.72','60.54'),(274,'HF007','2002-10-01','39.77','54.35'),(275,'HF007','2002-11-01','41.82','58.16'),(276,'HF007','2002-12-02','45.61','61.24'),(277,'HF007','2003-01-01','40.70','55.31'),(278,'HF007','2003-02-03','38.91','52.06'),(279,'HF007','2003-03-03','40.21','53.76'),(280,'HF007','2003-04-01','41.17','55.55'),(281,'HF007','2003-05-01','43.87','58.16'),(282,'HF007','2003-06-02','45.55','58.42'),(283,'HF007','2003-07-01','47.43','59.97'),(284,'HF007','2003-08-01','48.88','62.31'),(285,'HF007','2003-09-01','51.05','64.50'),(286,'HF007','2003-10-01','48.04','61.10'),(287,'HF007','2003-11-03','49.34','62.80'),(288,'HF007','2003-12-01','49.00','62.46'),(289,'HF007','2004-01-01','49.50','62.87'),(290,'HF007','2004-02-02','50.63','63.07'),(291,'HF007','2004-03-01','50.23','62.41'),(292,'HF007','2004-04-01','49.74','62.10'),(293,'HF007','2004-05-03','50.73','63.25'),(294,'HF007','2004-06-01','48.84','61.33'),(295,'HF007','2004-07-01','50.66','63.12'),(296,'HF007','2004-08-02','48.12','60.59'),(297,'HF007','2004-09-01','48.71','61.14'),(298,'HF007','2004-10-01','49.10','62.08'),(299,'HF007','2004-11-01','48.97','61.77'),(300,'HF007','2004-12-01','49.48','62.47'),(301,'HF007','2005-01-03','50.65','63.62'),(302,'HF007','2005-02-01','50.17','63.06'),(303,'HF007','2005-03-01','51.50','63.94'),(304,'HF007','2005-04-01','50.81','63.66'),(305,'HF007','2005-05-02','48.64','60.61'),(306,'HF007','2005-06-01','53.37','66.80'),(307,'HF008','2000-06-01','100.00','100.00'),(308,'HF008','2000-07-03','106.41','101.06'),(309,'HF008','2000-08-01','107.68','102.22'),(310,'HF008','2000-09-01','113.40','107.55'),(311,'HF008','2000-10-02','107.00','102.74'),(312,'HF008','2000-11-01','104.67','103.88'),(313,'HF008','2000-12-01','100.15','98.70'),(314,'HF008','2001-01-01','101.25','100.73'),(315,'HF008','2001-02-01','104.03','102.67'),(316,'HF008','2001-03-01','97.55','97.95'),(317,'HF008','2001-04-02','85.10','91.72'),(318,'HF008','2001-05-01','91.30','97.05'),(319,'HF008','2001-06-01','92.83','96.20'),(320,'HF008','2001-07-02','88.71','92.82'),(321,'HF008','2001-08-01','82.04','89.62'),(322,'HF008','2001-09-03','81.05','88.80'),(323,'HF008','2001-10-01','62.23','78.20'),(324,'HF008','2001-11-01','63.97','82.02'),(325,'HF008','2001-12-03','71.95','85.84'),(326,'HF008','2002-01-01','73.99','86.78'),(327,'HF008','2002-02-01','72.56','85.28'),(328,'HF008','2002-03-01','68.96','84.68'),(329,'HF008','2002-04-01','71.35','88.01'),(330,'HF008','2002-05-01','70.74','86.93'),(331,'HF008','2002-06-03','69.79','85.87'),(332,'HF008','2002-07-01','64.42','78.33'),(333,'HF008','2002-08-01','56.74','71.57'),(334,'HF008','2002-09-02','56.77','71.89'),(335,'HF008','2002-10-01','49.77','64.78'),(336,'HF008','2002-11-01','50.56','67.87'),(337,'HF008','2002-12-02','52.35','70.11'),(338,'HF008','2003-01-01','50.38','66.52'),(339,'HF008','2003-02-03','47.26','61.02'),(340,'HF008','2003-03-03','47.02','61.43'),(341,'HF008','2003-04-01','46.40','62.29'),(342,'HF008','2003-05-01','50.40','67.42'),(343,'HF008','2003-06-02','54.87','71.11'),(344,'HF008','2003-07-01','56.18','72.17'),(345,'HF008','2003-08-01','58.99','74.37'),(346,'HF008','2003-09-01','62.27','76.64'),(347,'HF008','2003-10-01','62.04','75.83'),(348,'HF008','2003-11-03','65.17','78.41'),(349,'HF008','2003-12-01','63.58','79.23'),(350,'HF008','2004-01-01','64.66','81.20'),(351,'HF008','2004-02-02','69.98','82.13'),(352,'HF008','2004-03-01','72.22','84.85'),(353,'HF008','2004-04-01','69.54','83.45'),(354,'HF008','2004-05-03','69.60','84.60'),(355,'HF008','2004-06-01','66.07','82.64'),(356,'HF008','2004-07-01','68.13','84.46'),(357,'HF008','2004-08-02','65.38','82.12'),(358,'HF008','2004-09-01','65.21','83.33'),(359,'HF008','2004-10-01','67.20','85.81'),(360,'HF008','2004-11-01','67.67','86.71'),(361,'HF008','2004-12-01','69.47','89.12'),(362,'HF008','2005-01-03','71.69','91.61'),(363,'HF008','2005-02-01','74.52','93.58'),(364,'HF008','2005-03-01','76.91','96.12'),(365,'HF008','2005-04-01','76.42','94.79'),(366,'HF008','2005-05-02','72.77','91.70'),(367,'HF008','2005-06-01','71.16','94.93'),(368,'HF009','2000-06-01','100.00','100.00'),(369,'HF009','2000-07-03','109.63','107.16'),(370,'HF009','2000-08-01','112.30','104.65'),(371,'HF009','2000-09-01','123.99','114.30'),(372,'HF009','2000-10-02','128.21','108.23'),(373,'HF009','2000-11-01','127.78','100.16'),(374,'HF009','2000-12-01','123.33','93.17'),(375,'HF009','2001-01-01','132.30','93.97'),(376,'HF009','2001-02-01','141.33','100.61'),(377,'HF009','2001-03-01','139.16','87.69'),(378,'HF009','2001-04-02','128.31','76.19'),(379,'HF009','2001-05-01','137.90','89.27'),(380,'HF009','2001-06-01','144.00','92.09'),(381,'HF009','2001-07-02','142.73','90.32'),(382,'HF009','2001-08-01','136.36','84.76'),(383,'HF009','2001-09-03','138.41','82.26'),(384,'HF009','2001-10-01','114.98','71.49'),(385,'HF009','2001-11-01','122.14','77.87'),(386,'HF009','2001-12-03','132.41','85.34'),(387,'HF009','2002-01-01','133.56','85.24'),(388,'HF009','2002-02-01','136.26','85.80'),(389,'HF009','2002-03-01','130.12','85.72'),(390,'HF009','2002-04-01','136.75','90.82'),(391,'HF009','2002-05-01','140.91','87.81'),(392,'HF009','2002-06-03','148.20','89.41'),(393,'HF009','2002-07-01','140.39','80.31'),(394,'HF009','2002-08-01','129.98','72.72'),(395,'HF009','2002-09-02','134.90','73.18'),(396,'HF009','2002-10-01','122.29','66.75'),(397,'HF009','2002-11-01','129.33','69.88'),(398,'HF009','2002-12-02','131.51','73.51'),(399,'HF009','2003-01-01','123.22','69.39'),(400,'HF009','2003-02-03','116.97','66.30'),(401,'HF009','2003-03-03','116.68','66.83'),(402,'HF009','2003-04-01','119.29','66.90'),(403,'HF009','2003-05-01','131.56','71.86'),(404,'HF009','2003-06-02','142.20','75.67'),(405,'HF009','2003-07-01','143.54','77.80'),(406,'HF009','2003-08-01','153.75','82.35'),(407,'HF009','2003-09-01','156.45','86.01'),(408,'HF009','2003-10-01','154.89','84.18'),(409,'HF009','2003-11-03','164.41','86.87'),(410,'HF009','2003-12-01','165.17','87.47'),(411,'HF009','2004-01-01','171.85','89.51'),(412,'HF009','2004-02-02','178.22','90.68'),(413,'HF009','2004-03-01','180.50','91.11'),(414,'HF009','2004-04-01','176.58','91.56'),(415,'HF009','2004-05-03','178.02','91.14'),(416,'HF009','2004-06-01','172.50','87.51'),(417,'HF009','2004-07-01','177.38','88.63'),(418,'HF009','2004-08-02','171.25','86.47'),(419,'HF009','2004-09-01','174.42','89.23'),(420,'HF009','2004-10-01','182.43','93.03'),(421,'HF009','2004-11-01','185.34','93.28'),(422,'HF009','2004-12-01','196.24','96.29'),(423,'HF009','2005-01-03','205.46','99.36'),(424,'HF009','2005-02-01','206.04','99.57'),(425,'HF009','2005-03-01','214.75','103.75'),(426,'HF009','2005-04-01','214.10','100.93'),(427,'HF009','2005-05-02','202.46','97.69'),(428,'HF009','2005-06-01','211.59','103.98'),(429,'HF010','2000-06-01','100.00','100.00'),(430,'HF010','2000-07-03','103.03','101.22'),(431,'HF010','2000-08-01','103.77','101.35'),(432,'HF010','2000-09-01','107.61','105.77'),(433,'HF010','2000-10-02','102.26','101.68'),(434,'HF010','2000-11-01','106.41','103.91'),(435,'HF010','2000-12-01','108.39','103.51'),(436,'HF010','2001-01-01','111.06','105.32'),(437,'HF010','2001-02-01','114.80','107.12'),(438,'HF010','2001-03-01','114.47','105.24'),(439,'HF010','2001-04-02','109.91','100.09'),(440,'HF010','2001-05-01','114.44','105.08'),(441,'HF010','2001-06-01','116.89','105.93'),(442,'HF010','2001-07-02','114.70','103.91'),(443,'HF010','2001-08-01','112.15','100.69'),(444,'HF010','2001-09-03','114.23','101.26'),(445,'HF010','2001-10-01','99.28','89.37'),(446,'HF010','2001-11-01','102.89','92.63'),(447,'HF010','2001-12-03','105.86','96.32'),(448,'HF010','2002-01-01','108.03','97.48'),(449,'HF010','2002-02-01','108.76','97.05'),(450,'HF010','2002-03-01','110.16','96.82'),(451,'HF010','2002-04-01','116.12','100.74'),(452,'HF010','2002-05-01','118.47','101.18'),(453,'HF010','2002-06-03','118.73','100.82'),(454,'HF010','2002-07-01','109.49','92.64'),(455,'HF010','2002-08-01','100.97','83.98'),(456,'HF010','2002-09-02','102.70','84.87'),(457,'HF010','2002-10-01','94.63','77.51'),(458,'HF010','2002-11-01','97.67','79.97'),(459,'HF010','2002-12-02','98.91','82.16'),(460,'HF010','2003-01-01','94.76','79.19'),(461,'HF010','2003-02-03','87.95','72.83'),(462,'HF010','2003-03-03','90.02','73.46'),(463,'HF010','2003-04-01','88.87','74.52'),(464,'HF010','2003-05-01','96.60','80.15'),(465,'HF010','2003-06-02','101.57','84.67'),(466,'HF010','2003-07-01','103.75','86.23'),(467,'HF010','2003-08-01','106.86','88.84'),(468,'HF010','2003-09-01','109.69','91.02'),(469,'HF010','2003-10-01','108.65','90.03'),(470,'HF010','2003-11-03','111.31','92.59'),(471,'HF010','2003-12-01','112.41','93.37'),(472,'HF010','2004-01-01','115.94','95.94'),(473,'HF010','2004-02-02','116.75','96.21'),(474,'HF010','2004-03-01','121.80','99.56'),(475,'HF010','2004-04-01','122.37','98.44'),(476,'HF010','2004-05-03','121.87','100.07'),(477,'HF010','2004-06-01','120.95','98.54'),(478,'HF010','2004-07-01','124.53','101.36'),(479,'HF010','2004-08-02','121.95','98.91'),(480,'HF010','2004-09-01','124.58','100.73'),(481,'HF010','2004-10-01','126.37','103.38'),(482,'HF010','2004-11-01','127.14','104.76'),(483,'HF010','2004-12-01','130.69','107.52'),(484,'HF010','2005-01-03','135.64','111.52'),(485,'HF010','2005-02-01','138.92','114.13'),(486,'HF010','2005-03-01','143.16','116.44'),(487,'HF010','2005-04-01','142.05','115.40'),(488,'HF010','2005-05-02','136.65','112.48'),(489,'HF010','2005-06-01','143.92','116.57'),(490,'HF011','2000-06-01','100.00','100.00'),(491,'HF011','2000-07-03','103.47','101.06'),(492,'HF011','2000-08-01','104.64','102.22'),(493,'HF011','2000-09-01','110.48','107.55'),(494,'HF011','2000-10-02','105.91','102.74'),(495,'HF011','2000-11-01','109.67','103.88'),(496,'HF011','2000-12-01','109.46','98.70'),(497,'HF011','2001-01-01','113.54','100.73'),(498,'HF011','2001-02-01','114.13','102.67'),(499,'HF011','2001-03-01','110.43','97.95'),(500,'HF011','2001-04-02','102.69','91.72'),(501,'HF011','2001-05-01','108.99','97.05'),(502,'HF011','2001-06-01','109.93','96.20'),(503,'HF011','2001-07-02','105.87','92.82'),(504,'HF011','2001-08-01','101.72','89.62'),(505,'HF011','2001-09-03','99.17','88.80'),(506,'HF011','2001-10-01','84.22','78.20'),(507,'HF011','2001-11-01','88.20','82.02'),(508,'HF011','2001-12-03','91.48','85.84'),(509,'HF011','2002-01-01','92.91','86.78'),(510,'HF011','2002-02-01','91.01','85.28'),(511,'HF011','2002-03-01','88.50','84.68'),(512,'HF011','2002-04-01','91.91','88.01'),(513,'HF011','2002-05-01','89.60','86.93'),(514,'HF011','2002-06-03','88.40','85.87'),(515,'HF011','2002-07-01','80.93','78.33'),(516,'HF011','2002-08-01','73.13','71.57'),(517,'HF011','2002-09-02','73.42','71.89'),(518,'HF011','2002-10-01','65.71','64.78'),(519,'HF011','2002-11-01','69.30','67.87'),(520,'HF011','2002-12-02','71.32','70.11'),(521,'HF011','2003-01-01','67.54','66.52'),(522,'HF011','2003-02-03','61.76','61.02'),(523,'HF011','2003-03-03','62.70','61.43'),(524,'HF011','2003-04-01','62.75','62.29'),(525,'HF011','2003-05-01','67.84','67.42'),(526,'HF011','2003-06-02','71.23','71.11'),(527,'HF011','2003-07-01','72.20','72.17'),(528,'HF011','2003-08-01','76.08','74.37'),(529,'HF011','2003-09-01','76.83','76.64'),(530,'HF011','2003-10-01','75.00','75.83'),(531,'HF011','2003-11-03','78.94','78.41'),(532,'HF011','2003-12-01','80.04','79.23'),(533,'HF011','2004-01-01','82.43','81.20'),(534,'HF011','2004-02-02','86.56','82.13'),(535,'HF011','2004-03-01','91.06','84.85'),(536,'HF011','2004-04-01','88.91','83.45'),(537,'HF011','2004-05-03','88.91','84.60'),(538,'HF011','2004-06-01','85.68','82.64'),(539,'HF011','2004-07-01','89.11','84.46'),(540,'HF011','2004-08-02','86.68','82.12'),(541,'HF011','2004-09-01','87.34','83.33'),(542,'HF011','2004-10-01','91.84','85.81'),(543,'HF011','2004-11-01','92.46','86.71'),(544,'HF011','2004-12-01','96.74','89.12'),(545,'HF011','2005-01-03','99.70','91.61'),(546,'HF011','2005-02-01','102.23','93.58'),(547,'HF011','2005-03-01','105.17','96.12'),(548,'HF011','2005-04-01','103.10','94.79'),(549,'HF011','2005-05-02','96.60','91.70'),(550,'HF011','2005-06-01','100.16','94.93'),(551,'HF012','2000-06-01','100.00','100.00'),(552,'HF012','2000-07-03','103.83','101.00'),(553,'HF012','2000-08-01','105.10','101.18'),(554,'HF012','2000-09-01','108.37','104.40'),(555,'HF012','2000-10-02','104.00','101.85'),(556,'HF012','2000-11-01','105.53','103.84'),(557,'HF012','2000-12-01','108.04','103.74'),(558,'HF012','2001-01-01','110.86','105.04'),(559,'HF012','2001-02-01','114.64','106.71'),(560,'HF012','2001-03-01','114.55','105.23'),(561,'HF012','2001-04-02','109.33','101.87'),(562,'HF012','2001-05-01','114.52','105.03'),(563,'HF012','2001-06-01','117.83','105.37'),(564,'HF012','2001-07-02','116.23','103.76'),(565,'HF012','2001-08-01','113.37','102.41'),(566,'HF012','2001-09-03','115.19','103.16'),(567,'HF012','2001-10-01','101.05','95.01'),(568,'HF012','2001-11-01','104.47','98.25'),(569,'HF012','2001-12-03','107.64','100.81'),(570,'HF012','2002-01-01','109.13','101.02'),(571,'HF012','2002-02-01','109.60','101.09'),(572,'HF012','2002-03-01','109.89','100.83'),(573,'HF012','2002-04-01','115.04','103.31'),(574,'HF012','2002-05-01','117.51','103.84'),(575,'HF012','2002-06-03','118.30','103.38'),(576,'HF012','2002-07-01','110.82','97.88'),(577,'HF012','2002-08-01','105.01','91.82'),(578,'HF012','2002-09-02','107.11','93.21'),(579,'HF012','2002-10-01','100.08','88.22'),(580,'HF012','2002-11-01','103.18','89.81'),(581,'HF012','2002-12-02','105.15','91.34'),(582,'HF012','2003-01-01','101.97','89.73'),(583,'HF012','2003-02-03','96.05','85.29'),(584,'HF012','2003-03-03','96.87','85.99'),(585,'HF012','2003-04-01','97.03','86.55'),(586,'HF012','2003-05-01','101.81','90.88'),(587,'HF012','2003-06-02','108.54','94.97'),(588,'HF012','2003-07-01','110.25','96.08'),(589,'HF012','2003-08-01','113.15','97.91'),(590,'HF012','2003-09-01','114.83','99.30'),(591,'HF012','2003-10-01','113.94','98.65'),(592,'HF012','2003-11-03','116.39','99.96'),(593,'HF012','2003-12-01','116.95','100.80'),(594,'HF012','2004-01-01','120.34','103.34'),(595,'HF012','2004-02-02','121.56','103.33'),(596,'HF012','2004-03-01','125.15','105.90'),(597,'HF012','2004-04-01','124.31','104.81'),(598,'HF012','2004-05-03','124.01','105.91'),(599,'HF012','2004-06-01','122.65','104.57'),(600,'HF012','2004-07-01','125.81','106.40'),(601,'HF012','2004-08-02','122.46','104.91'),(602,'HF012','2004-09-01','126.26','106.60'),(603,'HF012','2004-10-01','128.23','109.23'),(604,'HF012','2004-11-01','129.03','110.28'),(605,'HF012','2004-12-01','132.65','112.88'),(606,'HF012','2005-01-03','138.11','115.72'),(607,'HF012','2005-02-01','140.71','117.33'),(608,'HF012','2005-03-01','144.32','119.29'),(609,'HF012','2005-04-01','142.75','118.43'),(610,'HF012','2005-05-02','138.51','116.61'),(611,'HF012','2005-06-01','143.34','119.90'),(612,'HF013','2000-06-01','100.00','100.00'),(613,'HF013','2000-07-03','105.11','102.74'),(614,'HF013','2000-08-01','107.95','101.82'),(615,'HF013','2000-09-01','115.32','107.81'),(616,'HF013','2000-10-02','113.74','102.57'),(617,'HF013','2000-11-01','108.86','99.52'),(618,'HF013','2000-12-01','103.80','96.89'),(619,'HF013','2001-01-01','103.17','95.37'),(620,'HF013','2001-02-01','109.29','98.62'),(621,'HF013','2001-03-01','105.36','92.30'),(622,'HF013','2001-04-02','94.94','85.39'),(623,'HF013','2001-05-01','101.22','91.03'),(624,'HF013','2001-06-01','102.96','90.94'),(625,'HF013','2001-07-02','98.43','88.20'),(626,'HF013','2001-08-01','91.77','84.23'),(627,'HF013','2001-09-03','90.47','80.28'),(628,'HF013','2001-10-01','74.95','70.59'),(629,'HF013','2001-11-01','79.78','74.15'),(630,'HF013','2001-12-03','85.65','79.24'),(631,'HF013','2002-01-01','85.20','79.00'),(632,'HF013','2002-02-01','85.14','77.73'),(633,'HF013','2002-03-01','83.20','77.07'),(634,'HF013','2002-04-01','86.04','80.10'),(635,'HF013','2002-05-01','85.65','76.95'),(636,'HF013','2002-06-03','85.07','77.04'),(637,'HF013','2002-07-01','79.67','69.70'),(638,'HF013','2002-08-01','69.75','62.72'),(639,'HF013','2002-09-02','68.95','63.21'),(640,'HF013','2002-10-01','59.78','56.67'),(641,'HF013','2002-11-01','61.63','59.35'),(642,'HF013','2002-12-02','64.95','62.17'),(643,'HF013','2003-01-01','62.05','57.54'),(644,'HF013','2003-02-03','58.72','54.15'),(645,'HF013','2003-03-03','58.37','54.67'),(646,'HF013','2003-04-01','56.98','55.39'),(647,'HF013','2003-05-01','62.49','58.77'),(648,'HF013','2003-06-02','66.99','60.52'),(649,'HF013','2003-07-01','70.21','62.10'),(650,'HF013','2003-08-01','74.69','64.70'),(651,'HF013','2003-09-01','78.94','67.57'),(652,'HF013','2003-10-01','78.25','65.81'),(653,'HF013','2003-11-03','81.72','68.10'),(654,'HF013','2003-12-01','82.62','68.08'),(655,'HF013','2004-01-01','84.00','69.52'),(656,'HF013','2004-02-02','87.50','70.18'),(657,'HF013','2004-03-01','89.42','70.23'),(658,'HF013','2004-04-01','89.06','70.52'),(659,'HF013','2004-05-03','91.42','71.39'),(660,'HF013','2004-06-01','87.31','68.93'),(661,'HF013','2004-07-01','88.36','70.97'),(662,'HF013','2004-08-02','85.94','68.41'),(663,'HF013','2004-09-01','87.06','69.39'),(664,'HF013','2004-10-01','91.05','70.99'),(665,'HF013','2004-11-01','93.76','71.61'),(666,'HF013','2004-12-01','98.44','73.48'),(667,'HF013','2005-01-03','100.91','75.27'),(668,'HF013','2005-02-01','104.82','75.62'),(669,'HF013','2005-03-01','108.95','77.52'),(670,'HF013','2005-04-01','107.55','76.82'),(671,'HF013','2005-05-02','101.29','73.71'),(672,'HF013','2005-06-01','105.43','78.50'),(673,'HF014','2000-06-01','100.00','100.00'),(674,'HF014','2000-07-03','102.44','101.24'),(675,'HF014','2000-08-01','101.31','100.02'),(676,'HF014','2000-09-01','105.96','102.76'),(677,'HF014','2000-10-02','101.76','96.14'),(678,'HF014','2000-11-01','98.36','92.81'),(679,'HF014','2000-12-01','97.82','92.51'),(680,'HF014','2001-01-01','99.29','93.81'),(681,'HF014','2001-02-01','101.91','95.58'),(682,'HF014','2001-03-01','99.15','88.89'),(683,'HF014','2001-04-02','90.83','81.84'),(684,'HF014','2001-05-01','93.95','86.52'),(685,'HF014','2001-06-01','94.67','83.62'),(686,'HF014','2001-07-02','92.32','80.40'),(687,'HF014','2001-08-01','91.61','79.04'),(688,'HF014','2001-09-03','89.33','76.27'),(689,'HF014','2001-10-01','77.38','66.09'),(690,'HF014','2001-11-01','78.49','68.97'),(691,'HF014','2001-12-03','84.06','73.60'),(692,'HF014','2002-01-01','85.30','73.76'),(693,'HF014','2002-02-01','84.29','72.44'),(694,'HF014','2002-03-01','82.69','71.67'),(695,'HF014','2002-04-01','88.95','75.79'),(696,'HF014','2002-05-01','88.73','73.45'),(697,'HF014','2002-06-03','90.12','74.30'),(698,'HF014','2002-07-01','84.97','68.34'),(699,'HF014','2002-08-01','73.86','60.49'),(700,'HF014','2002-09-02','74.39','59.83'),(701,'HF014','2002-10-01','64.94','51.44'),(702,'HF014','2002-11-01','68.02','55.55'),(703,'HF014','2002-12-02','71.09','59.55'),(704,'HF014','2003-01-01','68.49','54.94'),(705,'HF014','2003-02-03','64.89','51.63'),(706,'HF014','2003-03-03','63.78','51.06'),(707,'HF014','2003-04-01','64.06','51.18'),(708,'HF014','2003-05-01','71.64','57.53'),(709,'HF014','2003-06-02','74.90','59.69'),(710,'HF014','2003-07-01','75.30','60.41'),(711,'HF014','2003-08-01','77.35','62.70'),(712,'HF014','2003-09-01','79.73','64.47'),(713,'HF014','2003-10-01','78.84','62.48'),(714,'HF014','2003-11-03','84.02','64.97'),(715,'HF014','2003-12-01','86.85','66.82'),(716,'HF014','2004-01-01','88.77','69.62'),(717,'HF014','2004-02-02','90.63','70.54'),(718,'HF014','2004-03-01','90.89','70.41'),(719,'HF014','2004-04-01','88.99','68.28'),(720,'HF014','2004-05-03','92.31','70.00'),(721,'HF014','2004-06-01','91.50','68.52'),(722,'HF014','2004-07-01','95.16','70.97'),(723,'HF014','2004-08-02','93.40','68.11'),(724,'HF014','2004-09-01','95.44','69.04'),(725,'HF014','2004-10-01','99.95','72.15'),(726,'HF014','2004-11-01','101.76','73.81'),(727,'HF014','2004-12-01','106.55','76.29'),(728,'HF014','2005-01-03','111.95','79.07'),(729,'HF014','2005-02-01','112.51','78.89'),(730,'HF014','2005-03-01','115.85','81.59'),(731,'HF014','2005-04-01','116.24','81.14'),(732,'HF014','2005-05-02','110.93','77.66'),(733,'HF014','2005-06-01','116.80','82.11'),(734,'HF016','2000-06-01','100.00','100.00'),(735,'HF016','2000-07-03','106.70','102.74'),(736,'HF016','2000-08-01','110.22','101.82'),(737,'HF016','2000-09-01','120.42','107.81'),(738,'HF016','2000-10-02','126.07','102.57'),(739,'HF016','2000-11-01','123.76','99.52'),(740,'HF016','2000-12-01','110.56','96.89'),(741,'HF016','2001-01-01','115.14','95.37'),(742,'HF016','2001-02-01','118.21','98.62'),(743,'HF016','2001-03-01','105.33','92.30'),(744,'HF016','2001-04-02','97.97','85.39'),(745,'HF016','2001-05-01','103.72','91.03'),(746,'HF016','2001-06-01','109.34','90.94'),(747,'HF016','2001-07-02','104.72','88.20'),(748,'HF016','2001-08-01','98.24','84.23'),(749,'HF016','2001-09-03','90.18','80.28'),(750,'HF016','2001-10-01','78.83','70.59'),(751,'HF016','2001-11-01','80.19','74.15'),(752,'HF016','2001-12-03','86.47','79.24'),(753,'HF016','2002-01-01','87.82','79.00'),(754,'HF016','2002-02-01','86.43','77.73'),(755,'HF016','2002-03-01','84.88','77.07'),(756,'HF016','2002-04-01','91.91','80.10'),(757,'HF016','2002-05-01','90.36','76.95'),(758,'HF016','2002-06-03','88.16','77.04'),(759,'HF016','2002-07-01','78.61','69.70'),(760,'HF016','2002-08-01','69.59','62.72'),(761,'HF016','2002-09-02','68.63','63.21'),(762,'HF016','2002-10-01','60.55','56.67'),(763,'HF016','2002-11-01','59.10','59.35'),(764,'HF016','2002-12-02','61.38','62.17'),(765,'HF016','2003-01-01','58.87','57.54'),(766,'HF016','2003-02-03','55.54','54.15'),(767,'HF016','2003-03-03','52.34','54.67'),(768,'HF016','2003-04-01','50.62','55.39'),(769,'HF016','2003-05-01','54.35','58.77'),(770,'HF016','2003-06-02','56.37','60.52'),(771,'HF016','2003-07-01','57.71','62.10'),(772,'HF016','2003-08-01','60.90','64.70'),(773,'HF016','2003-09-01','64.25','67.57'),(774,'HF016','2003-10-01','63.77','65.81'),(775,'HF016','2003-11-03','68.11','68.10'),(776,'HF016','2003-12-01','65.50','68.08'),(777,'HF016','2004-01-01','66.38','69.52'),(778,'HF016','2004-02-02','69.42','70.18'),(779,'HF016','2004-03-01','69.62','70.23'),(780,'HF016','2004-04-01','67.93','70.52'),(781,'HF016','2004-05-03','68.72','71.39'),(782,'HF016','2004-06-01','67.17','68.93'),(783,'HF016','2004-07-01','68.27','70.97'),(784,'HF016','2004-08-02','65.90','68.41'),(785,'HF016','2004-09-01','65.40','69.39'),(786,'HF016','2004-10-01','67.37','70.99'),(787,'HF016','2004-11-01','69.32','71.61'),(788,'HF016','2004-12-01','73.78','73.48'),(789,'HF016','2005-01-03','76.79','75.27'),(790,'HF016','2005-02-01','78.37','75.62'),(791,'HF016','2005-03-01','80.37','77.52'),(792,'HF016','2005-04-01','79.01','76.82'),(793,'HF016','2005-05-02','75.66','73.71'),(794,'HF016','2005-06-01','78.82','78.50'),(795,'HF017','2000-06-01','100.00','100.00'),(796,'HF017','2000-07-03','108.35','105.76'),(797,'HF017','2000-08-01','101.37','99.97'),(798,'HF017','2000-09-01','108.53','106.68'),(799,'HF017','2000-10-02','102.03','96.96'),(800,'HF017','2000-11-01','95.98','90.71'),(801,'HF017','2000-12-01','95.08','90.00'),(802,'HF017','2001-01-01','87.94','84.29'),(803,'HF017','2001-02-01','90.68','89.93'),(804,'HF017','2001-03-01','90.24','86.86'),(805,'HF017','2001-04-02','83.52','81.24'),(806,'HF017','2001-05-01','88.45','85.31'),(807,'HF017','2001-06-01','91.04','86.54'),(808,'HF017','2001-07-02','89.00','85.05'),(809,'HF017','2001-08-01','81.14','78.45'),(810,'HF017','2001-09-03','76.65','75.16'),(811,'HF017','2001-10-01','68.67','65.59'),(812,'HF017','2001-11-01','69.99','68.91'),(813,'HF017','2001-12-03','74.30','75.29'),(814,'HF017','2002-01-01','73.21','75.12'),(815,'HF017','2002-02-01','74.28','77.43'),(816,'HF017','2002-03-01','75.49','78.70'),(817,'HF017','2002-04-01','79.05','82.60'),(818,'HF017','2002-05-01','79.44','82.78'),(819,'HF017','2002-06-03','80.90','85.20'),(820,'HF017','2002-07-01','73.67','77.15'),(821,'HF017','2002-08-01','69.70','71.57'),(822,'HF017','2002-09-02','68.60','71.76'),(823,'HF017','2002-10-01','62.35','65.88'),(824,'HF017','2002-11-01','62.45','65.32'),(825,'HF017','2002-12-02','65.27','68.36'),(826,'HF017','2003-01-01','59.38','63.77'),(827,'HF017','2003-02-03','57.98','61.94'),(828,'HF017','2003-03-03','58.61','63.38'),(829,'HF017','2003-04-01','55.92','61.09'),(830,'HF017','2003-05-01','55.84','61.66'),(831,'HF017','2003-06-02','58.11','64.14'),(832,'HF017','2003-07-01','60.37','67.52'),(833,'HF017','2003-08-01','65.58','73.04'),(834,'HF017','2003-09-01','73.36','80.45'),(835,'HF017','2003-10-01','71.84','79.48'),(836,'HF017','2003-11-03','75.81','83.46'),(837,'HF017','2003-12-01','72.97','81.04'),(838,'HF017','2004-01-01','73.55','83.29'),(839,'HF017','2004-02-02','75.90','85.32'),(840,'HF017','2004-03-01','76.72','85.41'),(841,'HF017','2004-04-01','78.43','88.11'),(842,'HF017','2004-05-03','76.09','86.35'),(843,'HF017','2004-06-01','72.02','81.40'),(844,'HF017','2004-07-01','73.15','83.32'),(845,'HF017','2004-08-02','71.02','81.05'),(846,'HF017','2004-09-01','73.84','84.11'),(847,'HF017','2004-10-01','74.81','85.45'),(848,'HF017','2004-11-01','74.14','85.86'),(849,'HF017','2004-12-01','76.34','88.02'),(850,'HF017','2005-01-03','77.32','89.82'),(851,'HF017','2005-02-01','79.22','91.77'),(852,'HF017','2005-03-01','80.16','93.42'),(853,'HF017','2005-04-01','77.54','92.28'),(854,'HF017','2005-05-02','75.11','89.11'),(855,'HF017','2005-06-01','79.45','94.50'),(856,'HF018','2000-06-01','100.00','100.00'),(857,'HF018','2000-07-03','101.80','101.24'),(858,'HF018','2000-08-01','100.52','100.02'),(859,'HF018','2000-09-01','103.07','102.76'),(860,'HF018','2000-10-02','96.35','96.14'),(861,'HF018','2000-11-01','93.68','92.81'),(862,'HF018','2000-12-01','92.88','92.51'),(863,'HF018','2001-01-01','93.72','93.81'),(864,'HF018','2001-02-01','95.61','95.58'),(865,'HF018','2001-03-01','92.97','88.89'),(866,'HF018','2001-04-02','85.78','81.84'),(867,'HF018','2001-05-01','89.09','86.52'),(868,'HF018','2001-06-01','87.27','83.62'),(869,'HF018','2001-07-02','85.84','80.40'),(870,'HF018','2001-08-01','85.69','79.04'),(871,'HF018','2001-09-03','83.78','76.27'),(872,'HF018','2001-10-01','73.94','66.09'),(873,'HF018','2001-11-01','75.72','68.97'),(874,'HF018','2001-12-03','78.05','73.60'),(875,'HF018','2002-01-01','77.91','73.76'),(876,'HF018','2002-02-01','77.85','72.44'),(877,'HF018','2002-03-01','79.19','71.67'),(878,'HF018','2002-04-01','82.70','75.79'),(879,'HF018','2002-05-01','81.76','73.45'),(880,'HF018','2002-06-03','82.43','74.30'),(881,'HF018','2002-07-01','79.21','68.34'),(882,'HF018','2002-08-01','69.01','60.49'),(883,'HF018','2002-09-02','70.20','59.83'),(884,'HF018','2002-10-01','63.04','51.44'),(885,'HF018','2002-11-01','66.88','55.55'),(886,'HF018','2002-12-02','69.44','59.55'),(887,'HF018','2003-01-01','66.11','54.94'),(888,'HF018','2003-02-03','61.98','51.63'),(889,'HF018','2003-03-03','60.61','51.06'),(890,'HF018','2003-04-01','61.27','51.18'),(891,'HF018','2003-05-01','69.14','57.53'),(892,'HF018','2003-06-02','72.80','59.69'),(893,'HF018','2003-07-01','73.21','60.41'),(894,'HF018','2003-08-01','74.97','62.70'),(895,'HF018','2003-09-01','78.99','64.47'),(896,'HF018','2003-10-01','78.06','62.48'),(897,'HF018','2003-11-03','81.04','64.97'),(898,'HF018','2003-12-01','82.85','66.82'),(899,'HF018','2004-01-01','84.37','69.62'),(900,'HF018','2004-02-02','85.09','70.54'),(901,'HF018','2004-03-01','87.38','70.41'),(902,'HF018','2004-04-01','85.18','68.28'),(903,'HF018','2004-05-03','89.48','70.00'),(904,'HF018','2004-06-01','89.07','68.52'),(905,'HF018','2004-07-01','93.35','70.97'),(906,'HF018','2004-08-02','88.89','68.11'),(907,'HF018','2004-09-01','89.73','69.04'),(908,'HF018','2004-10-01','93.29','72.15'),(909,'HF018','2004-11-01','94.32','73.81'),(910,'HF018','2004-12-01','96.58','76.29'),(911,'HF018','2005-01-03','99.66','79.07'),(912,'HF018','2005-02-01','100.42','78.89'),(913,'HF018','2005-03-01','102.98','81.59'),(914,'HF018','2005-04-01','104.41','81.14'),(915,'HF018','2005-05-02','100.82','77.66'),(916,'HF018','2005-06-01','105.87','82.11'),(917,'HF020','2000-03-06','100.00','100.00'),(918,'HF020','2000-04-03','108.62','102.32'),(919,'HF020','2000-05-01','108.18','102.03'),(920,'HF020','2000-06-01','111.36','103.86'),(921,'HF020','2000-07-03','114.95','104.89'),(922,'HF020','2000-08-01','113.95','105.08'),(923,'HF020','2000-09-01','113.47','108.43'),(924,'HF020','2000-10-02','110.86','105.77'),(925,'HF020','2000-11-01','104.66','107.84'),(926,'HF020','2000-12-01','105.19','107.74'),(927,'HF020','2001-01-01','106.47','109.09'),(928,'HF020','2001-02-01','114.00','110.83'),(929,'HF020','2001-03-01','113.17','109.29'),(930,'HF020','2001-04-02','101.75','105.80'),(931,'HF020','2001-05-01','104.53','109.08'),(932,'HF020','2001-06-01','109.34','109.44'),(933,'HF020','2001-07-02','106.20','107.76'),(934,'HF020','2001-08-01','99.09','106.36'),(935,'HF020','2001-09-03','99.85','107.13'),(936,'HF020','2001-10-01','83.39','98.67'),(937,'HF020','2001-11-01','79.68','102.04'),(938,'HF020','2001-12-03','83.37','104.69'),(939,'HF020','2002-01-01','81.64','104.92'),(940,'HF020','2002-02-01','81.16','104.99'),(941,'HF020','2002-03-01','76.81','104.72'),(942,'HF020','2002-04-01','72.03','107.29'),(943,'HF020','2002-05-01','73.95','107.85'),(944,'HF020','2002-06-03','75.36','107.36'),(945,'HF020','2002-07-01','70.36','101.66'),(946,'HF020','2002-08-01','56.66','95.37'),(947,'HF020','2002-09-02','54.32','96.81'),(948,'HF020','2002-10-01','48.23','91.62'),(949,'HF020','2002-11-01','48.74','93.27'),(950,'HF020','2002-12-02','52.02','94.86'),(951,'HF020','2003-01-01','50.59','93.19'),(952,'HF020','2003-02-03','49.39','88.58'),(953,'HF020','2003-03-03','49.70','89.31'),(954,'HF020','2003-04-01','48.10','89.89'),(955,'HF020','2003-05-01','51.62','94.39'),(956,'HF020','2003-06-02','55.69','98.63'),(957,'HF020','2003-07-01','59.70','99.78'),(958,'HF020','2003-08-01','61.97','101.68'),(959,'HF020','2003-09-01','64.78','103.13'),(960,'HF020','2003-10-01','65.45','102.45'),(961,'HF020','2003-11-03','66.95','103.82'),(962,'HF020','2003-12-01','68.63','104.69'),(963,'HF020','2004-01-01','69.88','107.32'),(964,'HF020','2004-02-02','72.13','107.32'),(965,'HF020','2004-03-01','73.71','109.99'),(966,'HF020','2004-04-01','72.53','108.85'),(967,'HF020','2004-05-03','73.97','110.00'),(968,'HF020','2004-06-01','70.53','108.61'),(969,'HF020','2004-07-01','71.73','110.50'),(970,'HF020','2004-08-02','71.59','108.96'),(971,'HF020','2004-09-01','72.79','110.71'),(972,'HF020','2004-10-01','76.81','113.44'),(973,'HF020','2004-11-01','80.27','114.54'),(974,'HF020','2004-12-01','85.39','117.23'),(975,'HF020','2005-01-03','88.72','120.19'),(976,'HF020','2005-02-01','93.53','121.86'),(977,'HF020','2005-03-01','97.70','123.90'),(978,'HF020','2005-04-01','96.06','123.00'),(979,'HF020','2005-05-02','93.25','121.11'),(980,'HF020','2005-06-01','94.58','124.52'),(981,'HF021','2000-03-06','100.00','100.00'),(982,'HF021','2000-04-03','86.35','86.35'),(983,'HF021','2000-05-01','76.35','75.86'),(984,'HF021','2000-06-01','72.71','71.46'),(985,'HF021','2000-07-03','78.55','76.55'),(986,'HF021','2000-08-01','78.68','73.81'),(987,'HF021','2000-09-01','89.61','83.86'),(988,'HF021','2000-10-02','81.94','77.70'),(989,'HF021','2000-11-01','67.00','65.90'),(990,'HF021','2000-12-01','56.03','53.21'),(991,'HF021','2001-01-01','54.32','51.28'),(992,'HF021','2001-02-01','59.60','56.26'),(993,'HF021','2001-03-01','46.24','43.74'),(994,'HF021','2001-04-02','37.88','35.85'),(995,'HF021','2001-05-01','42.60','40.19'),(996,'HF021','2001-06-01','41.90','38.83'),(997,'HF021','2001-07-02','39.90','35.72'),(998,'HF021','2001-08-01','35.41','32.00'),(999,'HF021','2001-09-03','30.63','27.78'),(1000,'HF021','2001-10-01','24.40','21.89'),(1001,'HF021','2001-11-01','27.49','25.36'),(1002,'HF021','2001-12-03','32.46','29.69'),(1003,'HF021','2002-01-01','32.75','29.68'),(1004,'HF021','2002-02-01','31.65','28.29'),(1005,'HF021','2002-03-01','29.41','25.85'),(1006,'HF021','2002-04-01','30.82','26.64'),(1007,'HF021','2002-05-01','27.06','22.96'),(1008,'HF021','2002-06-03','26.56','22.07'),(1009,'HF021','2002-07-01','22.32','18.57'),(1010,'HF021','2002-08-01','20.39','16.64'),(1011,'HF021','2002-09-02','20.02','16.29'),(1012,'HF021','2002-10-01','17.04','13.49'),(1013,'HF021','2002-11-01','18.74','15.16'),(1014,'HF021','2002-12-02','20.89','17.34'),(1015,'HF021','2003-01-01','17.87','14.83'),(1016,'HF021','2003-02-03','17.38','14.28'),(1017,'HF021','2003-03-03','17.66','14.44'),(1018,'HF021','2003-04-01','17.69','14.58'),(1019,'HF021','2003-05-01','18.52','15.96'),(1020,'HF021','2003-06-02','19.81','17.09'),(1021,'HF021','2003-07-01','20.52','17.43'),(1022,'HF021','2003-08-01','21.61','18.60'),(1023,'HF021','2003-09-01','23.25','20.22'),(1024,'HF021','2003-10-01','21.82','19.38'),(1025,'HF021','2003-11-03','22.65','20.71'),(1026,'HF021','2003-12-01','22.63','20.50'),(1027,'HF021','2004-01-01','22.88','20.30'),(1028,'HF021','2004-02-02','23.59','21.08'),(1029,'HF021','2004-03-01','23.09','20.86'),(1030,'HF021','2004-04-01','22.49','20.50'),(1031,'HF021','2004-05-03','22.32','20.17'),(1032,'HF021','2004-06-01','21.53','19.55'),(1033,'HF021','2004-07-01','22.03','20.08'),(1034,'HF021','2004-08-02','19.79','18.19'),(1035,'HF021','2004-09-01','19.99','17.97'),(1036,'HF021','2004-10-01','20.97','18.71'),(1037,'HF021','2004-11-01','21.26','19.48'),(1038,'HF021','2004-12-01','21.80','20.00'),(1039,'HF021','2005-01-03','22.01','20.34'),(1040,'HF021','2005-02-01','21.82','19.83'),(1041,'HF021','2005-03-01','22.13','20.07'),(1042,'HF021','2005-04-01','21.36','19.72'),(1043,'HF021','2005-05-02','19.83','18.49'),(1044,'HF021','2005-06-01','21.55','20.58'),(1045,'HF022','2002-03-04','100.00','100.00'),(1046,'HF022','2002-04-01','101.03','101.85'),(1047,'HF022','2002-05-01','102.68','102.05'),(1048,'HF022','2002-06-03','102.51','101.23'),(1049,'HF022','2002-07-01','100.17','96.84'),(1050,'HF022','2002-08-01','97.57','92.55'),(1051,'HF022','2002-09-02','99.60','94.10'),(1052,'HF022','2002-10-01','97.09','90.49'),(1053,'HF022','2002-11-01','97.76','91.39'),(1054,'HF022','2002-12-02','98.70','92.73'),(1055,'HF022','2003-01-01','98.41','91.60'),(1056,'HF022','2003-02-03','97.36','88.90'),(1057,'HF022','2003-03-03','97.95','89.71'),(1058,'HF022','2003-04-01','97.34','90.21'),(1059,'HF022','2003-05-01','100.65','93.51'),(1060,'HF022','2003-06-02','104.84','97.02'),(1061,'HF022','2003-07-01','105.41','97.54'),(1062,'HF022','2003-08-01','106.14','98.73'),(1063,'HF022','2003-09-01','106.45','100.07'),(1064,'HF022','2003-10-01','106.31','99.68'),(1065,'HF022','2003-11-03','106.01','100.43'),(1066,'HF022','2003-12-01','106.18','101.01'),(1067,'HF022','2004-01-01','108.34','103.23'),(1068,'HF022','2004-02-02','107.65','103.33'),(1069,'HF022','2004-03-01','109.99','104.87'),(1070,'HF022','2004-04-01','109.76','104.54'),(1071,'HF022','2004-05-03','109.53','104.96'),(1072,'HF022','2004-06-01','108.44','103.41'),(1073,'HF022','2004-07-01','109.60','104.80'),(1074,'HF022','2004-08-02','109.03','103.53'),(1075,'HF022','2004-09-01','111.29','105.36'),(1076,'HF022','2004-10-01','113.28','107.31'),(1077,'HF022','2004-11-01','114.27','108.53'),(1078,'HF022','2004-12-01','116.24','110.46'),(1079,'HF022','2005-01-03','118.35','112.13'),(1080,'HF022','2005-02-01','119.53','113.29'),(1081,'HF022','2005-03-01','120.45','114.62'),(1082,'HF022','2005-04-01','119.74','113.84'),(1083,'HF022','2005-05-02','119.23','112.68'),(1084,'HF022','2005-06-01','122.04','115.14'),(1085,'HF024','2002-09-23','100.00','100.00'),(1086,'HF024','2002-10-01','98.89','95.48'),(1087,'HF024','2002-11-01','105.59','100.00'),(1088,'HF024','2002-12-02','112.92','106.81'),(1089,'HF024','2003-01-01','108.74','100.19'),(1090,'HF024','2003-02-03','104.18','96.73'),(1091,'HF024','2003-03-03','111.70','99.07'),(1092,'HF024','2003-04-01','109.13','96.61'),(1093,'HF024','2003-05-01','123.10','104.43'),(1094,'HF024','2003-06-02','132.90','108.72'),(1095,'HF024','2003-07-01','132.06','113.33'),(1096,'HF024','2003-08-01','135.71','121.08'),(1097,'HF024','2003-09-01','153.00','133.09'),(1098,'HF024','2003-10-01','152.34','128.73'),(1099,'HF024','2003-11-03','150.71','136.53'),(1100,'HF024','2003-12-01','149.04','135.20'),(1101,'HF024','2004-01-01','157.31','141.50'),(1102,'HF024','2004-02-02','163.89','144.61'),(1103,'HF024','2004-03-01','173.87','147.34'),(1104,'HF024','2004-04-01','195.91','151.62'),(1105,'HF024','2004-05-03','186.99','145.27'),(1106,'HF024','2004-06-01','184.20','137.21'),(1107,'HF024','2004-07-01','189.07','137.82'),(1108,'HF024','2004-08-02','181.93','135.03'),(1109,'HF024','2004-09-01','191.51','141.83'),(1110,'HF024','2004-10-01','207.09','150.61'),(1111,'HF024','2004-11-01','216.46','152.41'),(1112,'HF024','2004-12-01','222.35','158.49'),(1113,'HF024','2005-01-03','228.14','164.37'),(1114,'HF024','2005-02-01','235.34','168.86'),(1115,'HF024','2005-03-01','261.81','180.94'),(1116,'HF024','2005-04-01','245.20','170.84'),(1117,'HF024','2005-05-02','231.46','164.50'),(1118,'HF024','2005-06-01','246.34','179.23');
UNLOCK TABLES;
/*!40000 ALTER TABLE `fundrep_monthlytimeseriess` ENABLE KEYS */;

--
-- Table structure for table `fundrep_regionbreakdowns`
--

DROP TABLE IF EXISTS `fundrep_regionbreakdowns`;
CREATE TABLE `fundrep_regionbreakdowns` (
  `id` mediumint(9) unsigned NOT NULL auto_increment,
  `fund_id` varchar(20) NOT NULL,
  `label` varchar(50) NOT NULL,
  `amount` decimal(4,2) NOT NULL,
  `indexAmount` decimal(4,2) NOT NULL,
  PRIMARY KEY  (`id`)
) ENGINE=InnoDB DEFAULT CHARSET=latin1;

--
-- Dumping data for table `fundrep_regionbreakdowns`
--


/*!40000 ALTER TABLE `fundrep_regionbreakdowns` DISABLE KEYS */;
LOCK TABLES `fundrep_regionbreakdowns` WRITE;
UNLOCK TABLES;
/*!40000 ALTER TABLE `fundrep_regionbreakdowns` ENABLE KEYS */;

--
-- Table structure for table `fundrep_sectorbreakdowns`
--

DROP TABLE IF EXISTS `fundrep_sectorbreakdowns`;
CREATE TABLE `fundrep_sectorbreakdowns` (
  `id` mediumint(9) unsigned NOT NULL auto_increment,
  `fund_id` varchar(20) NOT NULL,
  `label` varchar(50) NOT NULL,
  `amount` decimal(4,2) NOT NULL,
  `indexAmount` decimal(4,2) NOT NULL,
  PRIMARY KEY  (`id`)
) ENGINE=InnoDB DEFAULT CHARSET=latin1;

--
-- Dumping data for table `fundrep_sectorbreakdowns`
--


/*!40000 ALTER TABLE `fundrep_sectorbreakdowns` DISABLE KEYS */;
LOCK TABLES `fundrep_sectorbreakdowns` WRITE;
UNLOCK TABLES;
/*!40000 ALTER TABLE `fundrep_sectorbreakdowns` ENABLE KEYS */;

